8c5l	8c5l
8cav	8cav
8ccz	8ccz
8che	8che
8cir	8cir
8cis	8cis
8cky	8cky
8cm9	8cm9
8cmd	8cmd
8cme	8cme
8cmi	8cmi
8cob	8cob
8cob	8gjf
8cqy	8cqy
8cqy	8cd3
8fud	8fud
8fym	8fym
8fzm	8fzm
8g8a	8g8a
8g8c	8g8c
8g8d	8g8d
8gai	8gai
8gck	8gck
8gck	8fyu
8gjg	8gjg
8gjg	8gji
8i3f	8i3f
8ia4	8ia4
8ia5	8ia5
8isn	8isn
8ivz	8ivz
8iya	8iya
8jbg	8jbg
8jbg	8ia8
8jbg	8jbh
8jbg	8xgs
8jbg	8zpt
8jgb	8jgb
8jgg	8jgg
8jgg	8jgf
8jis	8jis
8jj9	8jj9
8jly	8jly
8jly	8jjv
8jly	8op0
8jly	8opi
8jly	8pii
8jv0	8jv0
8jyq	8jyq
8jzd	8jzd
8jzw	8jzw
8kb0	8kb0
8kb0	8j4g
8kb1	8kb1
8kb1	8p43
8kb1	8ral
8kb1	8rbu
8kcv	8kcv
8oep	8oep
8ofg	8ofg
8oio	8oio
8okf	8okf
8oni	8oni
8os1	8os1
8p0q	8p0q
8p6i	8p6i
8p9o	8p9o
8pef	8pef
8pjg	8pjg
8pku	8pku
8pku	8pkv
8pn5	8pn5
8po2	8po2
8pr7	8pr7
8pxx_MODEL_15	8pxx_MODEL_15
8pxx_MODEL_15	8pxx_MODEL_1
8pxx_MODEL_15	8pxx_MODEL_2
8pxx_MODEL_15	8pxx_MODEL_3
8pxx_MODEL_15	8pxx_MODEL_4
8pxx_MODEL_15	8pxx_MODEL_5
8pxx_MODEL_15	8pxx_MODEL_6
8pxx_MODEL_15	8pxx_MODEL_7
8pxx_MODEL_15	8pxx_MODEL_8
8pxx_MODEL_15	8pxx_MODEL_9
8pxx_MODEL_15	8pxx_MODEL_10
8pxx_MODEL_15	8pxx_MODEL_11
8pxx_MODEL_15	8pxx_MODEL_12
8pxx_MODEL_15	8pxx_MODEL_13
8pxx_MODEL_15	8pxx_MODEL_14
8pxx_MODEL_15	8pxx_MODEL_16
8pxx_MODEL_15	8pxx_MODEL_17
8pxx_MODEL_15	8pxx_MODEL_18
8pxx_MODEL_15	8pxx_MODEL_19
8pxx_MODEL_15	8pxx_MODEL_20
8pxx_MODEL_15	9c66
8pz9	8pz9
8pz9	8ck5
8pz9	8ckc
8pz9	8p9w
8pz9	8p9x
8pz9	8pwe
8pz9	8pwf
8pz9	8pwm
8pz9	8pz6
8pz9	8pz7
8pz9	8pz8
8pz9	8pzb
8pz9	9ck0
8pz9	9cwn
8pz9	9eyr
8pz9	9ez1
8pz9	9ez2
8pz9	9f7w
8pz9	9f7x
8q1h	8q1h
8q1r	8q1r
8q1r	8in0
8q3t	8q3t
8q3t	8q26
8q3t	8q2z
8q3t	8q3s
8q5p	8q5p
8q5p	8sr6
8q6e	8q6e
8q6e	8q5s
8q6e	8q6d
8q7i	8q7i
8q7k	8q7k
8qfy	8qfy
8qlg	8qlg
8qlk	8qlk
8qlk	8j5u
8qlk	8qlv
8qlm	8qlm
8qm0	8qm0
8r10	8r10
8r10	8r18
8r10	8r1n
8r10	8r1p
8r10	8r1t
8rhq	8rhq
8rlu	8rlu
8rlu	8rlt
8rlu	8rlv
8rqc	8rqc
8rte	8rte
8ru3	8ru3
8rxb	8rxb
8rym	8rym
8rym	8ryn
8rym	8ryo
8rym	8ryp
8rym	8vcx
8rym	8vcy
8ryq	8ryq
8s1r	8s1r
8s6n	8s6n
8s6o	8s6o
8s6u	8s6u
8s8o_MODEL_20	8s8o_MODEL_20
8s8o_MODEL_20	8s8o_MODEL_1
8s8o_MODEL_20	8s8o_MODEL_2
8s8o_MODEL_20	8s8o_MODEL_3
8s8o_MODEL_20	8s8o_MODEL_4
8s8o_MODEL_20	8s8o_MODEL_5
8s8o_MODEL_20	8s8o_MODEL_6
8s8o_MODEL_20	8s8o_MODEL_7
8s8o_MODEL_20	8s8o_MODEL_8
8s8o_MODEL_20	8s8o_MODEL_9
8s8o_MODEL_20	8s8o_MODEL_10
8s8o_MODEL_20	8s8o_MODEL_11
8s8o_MODEL_20	8s8o_MODEL_12
8s8o_MODEL_20	8s8o_MODEL_13
8s8o_MODEL_20	8s8o_MODEL_14
8s8o_MODEL_20	8s8o_MODEL_15
8s8o_MODEL_20	8s8o_MODEL_16
8s8o_MODEL_20	8s8o_MODEL_17
8s8o_MODEL_20	8s8o_MODEL_18
8s8o_MODEL_20	8s8o_MODEL_19
8sao	8sao
8sbk	8sbk
8sbk	8rnh
8sbk	8rop
8sbl	8sbl
8sf8	8sf8
8sgf	8sgf
8siu	8siu
8skj	8skj
8sm5	8sm5
8smo	8smo
8suv	8suv
8sz2	8sz2
8t0p	8t0p
8t19	8t19
8t2n	8t2n
8t31	8t31
8t33	8t33
8t33	8t32
8t33	8x8a
8t51	8t51
8t59	8t59
8t5p	8t5p
8t5q	8t5q
8t8g	8t8g
8t8s	8t8s
8tah	8tah
8tbw	8tbw
8tdx	8tdx
8tee	8tee
8tg7	8tg7
8tg7	8tfu
8tg7	8tgc
8tg8	8tg8
8tgp	8tgp
8th1	8th1
8th5	8th5
8th6	8th6
8th7	8th7
8ti7	8ti7
8tor	8tor
8tor	8toq
8tor	8tos
8tor	8vju
8tot	8tot
8tq7	8tq7
8tq8	8tq8
8tq9	8tq9
8tqa	8tqa
8ttt	8ttt
8ttt	8ttu
8tut	8tut
8tut	8fub
8tut	8qxw
8tut	8sud
8tut	8tuq
8tut	8vpr
8tut	8vpu
8tuv	8tuv
8tuv	8fua
8tuv	8fuc
8tuv	8g8q
8tx8	8tx8
8u1z	8u1z
8u26	8u26
8u2m	8u2m
8u2y_MODEL_8	8u2y_MODEL_8
8u2y_MODEL_8	8u2y_MODEL_1
8u2y_MODEL_8	8u2y_MODEL_2
8u2y_MODEL_8	8u2y_MODEL_3
8u2y_MODEL_8	8u2y_MODEL_4
8u2y_MODEL_8	8u2y_MODEL_5
8u2y_MODEL_8	8u2y_MODEL_6
8u2y_MODEL_8	8u2y_MODEL_7
8u2y_MODEL_8	8u2y_MODEL_9
8u51	8u51
8u77	8u77
8u9g	8u9g
8u9g	8tbv
8ujh	8ujh
8ujh	8ui6
8umo	8umo
8v5y	8v5y
8v8e	8v8e
8v9q	8v9q
8vd2	8vd2
8vdd	8vdd
8vdd	8cmc
8vgd	8vgd
8vgd	8p9r
8vgd	8vgc
8vis	8vis
8vjp	8vjp
8vjp	8igc
8vjp	8t5e
8vjx	8vjx
8vjy	8vjy
8vkz	8vkz
8vmf	8vmf
8vsj	8vsj
8vy8	8vy8
8w5z	8w5z
8w6a	8w6a
8w6l	8w6l
8w6l	8cmg
8w6l	8fu4
8w6l	8i5e
8w6l	8jqt
8w6l	8rbv
8w6l	8rcv
8w6l	8ref
8w6l	8rng
8w6l	8roo
8w6l	8wo9
8wef	8wef
8wef	8wee
8wg8	8wg8
8wte	8wte
8wul	8wul
8wxr	8wxr
8wxv	8wxv
8wxv	8wxq
8wxv	8wxx
8wxw	8wxw
8wxw	8wxz
8x3r	8x3r
8x3r	8q1q
8x3r	8wxt
8x3r	8wxu
8x3r	8x3s
8x53	8x53
8xv6	8xv6
8xv8	8xv8
8y74	8y74
8yhz	8yhz
8yhz	8ib1
8yhz	8og0
8yhz	8rmo
8yhz	8tmz
8ym2	8ym2
8zps	8zps
9atn_MODEL_13	9atn_MODEL_13
9atn_MODEL_13	8u2y_MODEL_10
9atn_MODEL_13	8wms
9atn_MODEL_13	9atn_MODEL_1
9atn_MODEL_13	9atn_MODEL_2
9atn_MODEL_13	9atn_MODEL_3
9atn_MODEL_13	9atn_MODEL_4
9atn_MODEL_13	9atn_MODEL_5
9atn_MODEL_13	9atn_MODEL_6
9atn_MODEL_13	9atn_MODEL_7
9atn_MODEL_13	9atn_MODEL_8
9atn_MODEL_13	9atn_MODEL_9
9atn_MODEL_13	9atn_MODEL_10
9atn_MODEL_13	9atn_MODEL_11
9atn_MODEL_13	9atn_MODEL_12
9atn_MODEL_13	9atn_MODEL_15
9atn_MODEL_14	9atn_MODEL_14
9avt	9avt
9ax9	9ax9
9b0b	9b0b
9dw6	9dw6
9fj4	9fj4
9g13	9g13
9gag_MODEL_9	9gag_MODEL_9
9gag_MODEL_9	9gag_MODEL_1
9gag_MODEL_9	9gag_MODEL_2
9gag_MODEL_9	9gag_MODEL_3
9gag_MODEL_9	9gag_MODEL_4
9gag_MODEL_9	9gag_MODEL_5
9gag_MODEL_9	9gag_MODEL_6
9gag_MODEL_9	9gag_MODEL_7
9gag_MODEL_9	9gag_MODEL_8
9gag_MODEL_9	9gag_MODEL_10
