species,mhc,peptide_length,sequence,inequality,meas,job_name
human,HLA-A*02:01,9,YLYPWSLGL,=,1.0,mhc_0
human,HLA-A*02:01,9,YIYTRSFQM,=,1.0,mhc_1
human,HLA-A*02:01,9,YLAGWGFVV,=,1.0,mhc_2
human,HLA-A*02:01,9,QMDGAILVV,=,1.0,mhc_3
human,HLA-A*02:01,9,VLMGGVPGV,=,1.0,mhc_4
human,HLA-A*02:01,9,IMLKANFSV,=,1.0,mhc_5
human,HLA-A*02:01,9,YLTSFVVPI,=,1.0,mhc_6
human,HLA-A*02:01,9,WLGHPFTPV,=,1.0,mhc_7
human,HLA-A*02:01,9,ALLTGSYTI,=,1.0,mhc_8
human,HLA-A*02:01,9,ILSDENYLL,=,1.0,mhc_9
human,HLA-A*02:01,9,VLWKSYPLV,=,1.0,mhc_10
human,HLA-A*02:01,9,GLFPFHFTL,=,1.0,mhc_11
human,HLA-A*02:01,9,SLFGAAVSL,=,1.0,mhc_12
human,HLA-A*02:01,9,FMFDYIPPV,=,1.0,mhc_13
human,HLA-A*02:01,9,ILNDEQLNL,=,1.0,mhc_14
human,HLA-A*02:01,9,YAAPQLFPV,=,1.0,mhc_15
human,HLA-A*02:01,9,KLDSGAFTV,=,1.0,mhc_16
human,HLA-A*02:01,9,YLQYSISTA,=,1.0,mhc_17
human,HLA-A*02:01,9,VLAGIFAGV,=,1.0,mhc_18
human,HLA-A*02:01,9,FQWHEAMFL,=,1.0,mhc_19
human,HLA-A*02:01,9,LLVQRVTSV,=,3.06876,mhc_20
human,HLA-A*02:01,9,YMPDVLEKL,=,2.0,mhc_21
human,HLA-A*02:01,9,NQNDNEETV,=,7.0,mhc_22
human,HLA-A*02:01,9,ALMGAVTSL,=,6.04931602,mhc_23
human,HLA-A*02:01,9,LQYDLWNVV,=,5.856694431,mhc_24
human,HLA-A*02:01,9,AAAWYLWEV,=,4.025356879,mhc_25
human,HLA-A*02:01,9,FLPDTRFFV,=,1.265724,mhc_26
human,HLA-A*02:01,9,RLVDAMVYT,=,5.113079,mhc_27
human,HLA-A*02:01,9,QLWTALISL,=,1.45,mhc_28
human,HLA-A*02:01,9,YLNAWIPPV,=,1.421523,mhc_29
human,HLA-A*02:01,9,YAMCLNTFV,=,3.344047277,mhc_30
human,HLA-A*02:01,9,RLCLDVPPV,=,8.501989,mhc_31
human,HLA-A*02:01,9,FLAADALVL,=,2.0,mhc_32
human,HLA-A*02:01,9,LLALQQLEV,=,9.036270411,mhc_33
human,HLA-A*02:01,9,FQPCFYIEL,=,1.362437,mhc_34
human,HLA-A*02:01,9,YLVSSLSEI,=,6.518139,mhc_35
human,HLA-A*02:01,9,ALYACVLAA,=,5.570391,mhc_36
human,HLA-A*02:01,9,TLFIGSHVV,=,5.554096506,mhc_37
human,HLA-A*02:01,9,LMQWWSDYV,=,5.858309501,mhc_38
human,HLA-A*02:01,9,LLAKMLFYL,=,5.605196,mhc_39
human,HLA-A*02:01,9,QIITLTAFV,=,33.891227,mhc_40
human,HLA-A*02:01,9,ALNIALVAV,=,79.075776,mhc_41
human,HLA-A*02:01,9,ILYNEYNFV,=,14.69379163,mhc_42
human,HLA-A*02:01,9,YLACLAAVI,=,68.000907,mhc_43
human,HLA-A*02:01,9,KILSDENYL,=,80.89711696,mhc_44
human,HLA-A*02:01,9,TLIPRLFAL,=,34.800339,mhc_45
human,HLA-A*02:01,9,YAIDLPVSV,=,15.79873413,mhc_46
human,HLA-A*02:01,9,IMALKQAGL,=,45.0,mhc_47
human,HLA-A*02:01,9,KVEKYLPEV,=,16.878926,mhc_48
human,HLA-A*02:01,9,LLWAARPRL,=,21.311293,mhc_49
human,HLA-A*02:01,9,KLNKMTVEL,=,10.39655198,mhc_50
human,HLA-A*02:01,9,RLIQNSITI,=,84.186854,mhc_51
human,HLA-A*02:01,9,FLPRVFSAV,=,83.119699,mhc_52
human,HLA-A*02:01,9,YLRLYIILA,=,16.70401471,mhc_53
human,HLA-A*02:01,9,MVNHSTYYV,=,26.595034,mhc_54
human,HLA-A*02:01,9,FGGGPWWEV,=,13.0,mhc_55
human,HLA-A*02:01,9,FMQALQLLL,=,13.193376,mhc_56
human,HLA-A*02:01,9,SILTLKMFL,=,12.03849,mhc_57
human,HLA-A*02:01,9,LMDMITLSL,=,16.71420332,mhc_58
human,HLA-A*02:01,9,WLPSGGTLV,=,53.0,mhc_59
human,HLA-A*02:01,9,RLQTYLTDI,=,827.413135,mhc_60
human,HLA-A*02:01,9,GLLIVKTVL,=,582.854231,mhc_61
human,HLA-A*02:01,9,QLGQVMLLV,=,103.014363,mhc_62
human,HLA-A*02:01,9,AIIDILQQL,=,110.107084,mhc_63
human,HLA-A*02:01,9,ELRRQVDQL,=,434.194381,mhc_64
human,HLA-A*02:01,9,IIAIVFVFI,=,240.637229,mhc_65
human,HLA-A*02:01,9,SLTPSPLDL,=,211.0,mhc_66
human,HLA-A*02:01,9,FHFNPLPNV,=,116.0,mhc_67
human,HLA-A*02:01,9,LLCPAGHAV,=,678.7635818,mhc_68
human,HLA-A*02:01,9,EVGIKSVVV,=,123.490982,mhc_69
human,HLA-A*02:01,9,FLLQLNETI,=,329.9,mhc_70
human,HLA-A*02:01,9,FANHNFTLV,=,119.178531,mhc_71
human,HLA-A*02:01,9,SIDHCSSFI,=,245.939793,mhc_72
human,HLA-A*02:01,9,YLEGHGFRF,=,173.009767,mhc_73
human,HLA-A*02:01,9,FTPQFLLQL,=,291.7,mhc_74
human,HLA-A*02:01,9,AMISLAKKI,=,903.0,mhc_75
human,HLA-A*02:01,9,LSIFNPCLI,=,315.8304,mhc_76
human,HLA-A*02:01,9,VLSDFKSWL,=,122.2,mhc_77
human,HLA-A*02:01,9,ALPGPDGVV,=,552.9666647,mhc_78
human,HLA-A*02:01,9,AMHYIRHRA,=,107.8330755,mhc_79
human,HLA-A*02:01,9,KLEGDSTDL,=,2000.713588,mhc_80
human,HLA-A*02:01,9,KTVKNVDII,=,8726.6547,mhc_81
human,HLA-A*02:01,9,RIKSVLDII,=,4698.0437,mhc_82
human,HLA-A*02:01,9,FVAQRTLRV,=,1046.990782,mhc_83
human,HLA-A*02:01,9,VLSYKVDYL,=,1136.983979,mhc_84
human,HLA-A*02:01,9,SLIGLAMGD,=,7000.0,mhc_85
human,HLA-A*02:01,9,AITDAAVAV,=,1475.25903,mhc_86
human,HLA-A*02:01,9,KMSEYKGPV,=,1515.833315,mhc_87
human,HLA-A*02:01,9,TNAEFTFQL,=,5015.962367,mhc_88
human,HLA-A*02:01,9,FVYFVETLA,=,3625.795926,mhc_89
human,HLA-A*02:01,9,KIKIKHKGM,=,8195.375982,mhc_90
human,HLA-A*02:01,9,KQIMECSRM,=,7573.461176,mhc_91
human,HLA-A*02:01,9,ELLRPTTVV,=,6708.337202,mhc_92
human,HLA-A*02:01,9,LLIHQGMHM,=,1588.022044,mhc_93
human,HLA-A*02:01,9,MASLLYLIL,=,9141.149721,mhc_94
human,HLA-A*02:01,9,FTEGKINPL,=,1179.531908,mhc_95
human,HLA-A*02:01,9,MAFILGIII,=,5868.426793,mhc_96
human,HLA-A*02:01,9,RMFLAMITY,=,9614.940159,mhc_97
human,HLA-A*02:01,9,SMYPSCCCT,=,6430.577727,mhc_98
human,HLA-A*02:01,9,ALTDVEKRI,=,1151.107406,mhc_99
human,HLA-A*02:01,9,GLITSTVTG,=,12401.2,mhc_100
human,HLA-A*02:01,9,RKSSFFVWV,=,16526.6,mhc_101
human,HLA-A*02:01,9,GILPWTKIS,=,17221.3,mhc_102
human,HLA-A*02:01,9,YGIPFPGSL,=,14257.0,mhc_103
human,HLA-A*02:01,9,GASITPNNL,=,47771.97,mhc_104
human,HLA-A*02:01,9,SLYYTVATL,=,10521.11772,mhc_105
human,HLA-A*02:01,9,AIKSNNHLT,=,27167.72745,mhc_106
human,HLA-A*02:01,9,KINNNRIVA,=,47483.57353,mhc_107
human,HLA-A*02:01,9,NITDKINQI,=,43680.2,mhc_108
human,HLA-A*02:01,9,GAMVEYVST,=,24763.40162,mhc_109
human,HLA-A*02:01,9,CFNPMIVEL,=,12301.39793,mhc_110
human,HLA-A*02:01,9,LVNLIQAKT,=,44249.52034,mhc_111
human,HLA-A*02:01,9,EIFIRYGDA,=,30471.65747,mhc_112
human,HLA-A*02:01,9,SHLENMKSL,=,15105.25366,mhc_113
human,HLA-A*02:01,9,ETQSGALEV,=,29326.14,mhc_114
human,HLA-A*02:01,9,AALQGGGPP,=,65072.40079,mhc_115
human,HLA-A*02:01,9,RLLPAALAC,=,20416.49823,mhc_116
human,HLA-A*02:01,9,EVLRPTTLV,=,13659.97856,mhc_117
human,HLA-A*02:01,9,NASKTINAL,=,26750.40283,mhc_118
human,HLA-A*02:01,9,LSNCVHPAV,=,12182.95985,mhc_119
human,HLA-A*02:01,9,GVATAHGST,=,152674.0,mhc_120
human,HLA-A*02:01,9,RTRREAIVN,=,118588.0,mhc_121
human,HLA-A*02:01,9,PTAWQSVGH,=,264292.0,mhc_122
human,HLA-A*02:01,9,SVIEEWKKS,=,171221.0,mhc_123
human,HLA-A*02:01,9,NVLDEKYNT,=,319072.0,mhc_124
human,HLA-A*02:01,9,NNNTHHQDT,=,253423.0,mhc_125
human,HLA-A*02:01,9,KDFFSSHPL,=,248685.0,mhc_126
human,HLA-A*02:01,9,REPVNATED,=,382596.0,mhc_127
human,HLA-A*02:01,9,SLEEEYPPW,=,213739.0,mhc_128
human,HLA-A*02:01,9,IPLGVIHNS,=,184524.0,mhc_129
human,HLA-A*02:01,9,VVAFLILPQ,=,1415090.0,mhc_130
human,HLA-A*02:01,9,TNLEYKTLC,=,772619.0,mhc_131
human,HLA-A*02:01,9,LRFANPLSN,=,163508.0,mhc_132
human,HLA-A*02:01,9,IALGVATAH,=,222586.0,mhc_133
human,HLA-A*02:01,9,FKAALSSLA,=,109428.0,mhc_134
human,HLA-A*02:01,9,LVCKDHLAS,=,184647.0,mhc_135
human,HLA-A*02:01,9,TIGEWAFWE,=,244572.0,mhc_136
human,HLA-A*02:01,9,ELDHLGLDD,=,513255.0,mhc_137
human,HLA-A*02:01,9,LTAGLSVQQ,=,297578.0,mhc_138
human,HLA-A*02:01,9,LIEWAMEKS,=,407550.0,mhc_139
